id,first_name,last_name,email,gender,ip_address
1,Hunt,De Bischof,hdebischof0@webeden.co.uk,Male,62.229.215.222
2,Lesli,Reace,lreace1@goo.gl,Female,38.206.75.85
3,Eirena,Jozsef,ejozsef2@goo.ne.jp,Female,252.84.225.112
4,Basilio,Seiller,bseiller3@weebly.com,Male,157.169.2.46
5,Addia,Ovenden,aovenden4@whitehouse.gov,Female,164.46.37.21
6,Mortie,Allinson,mallinson5@gnu.org,Male,35.76.244.129
7,Rebbecca,Laurisch,rlaurisch6@fda.gov,Female,185.46.126.171
8,Jacquenette,Dickie,jdickie7@telegraph.co.uk,Female,52.199.125.221
9,Igor,Pruckner,ipruckner8@bloglines.com,Male,62.42.77.105
10,Ailsun,Gisburn,agisburn9@comcast.net,Female,70.110.50.106
11,Micheline,Latek,mlateka@spiegel.de,Female,218.209.192.218
12,Rafa,Scohier,rscohierb@geocities.com,Female,187.204.59.212
13,Nelia,Larmouth,nlarmouthc@mozilla.org,Female,154.63.181.180
14,Kean,Pavic,kpavicd@zdnet.com,Genderqueer,67.157.66.34
15,Alanson,Dunnet,adunnete@ihg.com,Bigender,138.250.240.75
16,Angelico,Sweedland,asweedlandf@etsy.com,Male,85.40.236.70
17,Thorn,Swains,tswainsg@samsung.com,Male,90.236.29.35
18,Dewie,Stanhope,dstanhopeh@geocities.jp,Male,22.39.184.246
19,Randie,Janning,rjanningi@berkeley.edu,Male,57.103.232.142
20,Lyon,Phalp,lphalpj@comcast.net,Male,248.195.158.29
21,Ailbert,Burgoine,aburgoinek@china.com.cn,Male,18.22.55.194
22,Francyne,Yokley,fyokleyl@go.com,Female,149.240.0.176
23,Oralie,Jedrzej,ojedrzejm@unicef.org,Female,223.64.223.86
24,Tess,Guye,tguyen@time.com,Female,62.39.134.122
25,Fedora,Yushachkov,fyushachkovo@marketwatch.com,Female,24.207.59.101
26,Leupold,Espinos,lespinosp@google.it,Male,91.95.87.108
27,Marylou,Pratt,mprattq@mac.com,Female,61.159.216.39
28,Glynnis,De Micoli,gdemicolir@prlog.org,Female,54.253.251.51
29,Kim,MacGilrewy,kmacgilrewys@ibm.com,Male,210.2.236.122
30,Brandie,Cameron,bcameront@mashable.com,Female,52.185.148.173
31,Larry,O'Reilly,loreillyu@1688.com,Male,94.139.87.217
32,Donny,Shovelton,dshoveltonv@arstechnica.com,Female,253.157.78.156
33,Rosette,Coat,rcoatw@merriam-webster.com,Female,52.207.38.226
34,Wally,Cockson,wcocksonx@amazonaws.com,Male,29.174.16.237
35,Iorgos,Silverthorne,isilverthorney@smh.com.au,Male,138.43.137.36
36,Dasya,Tungate,dtungatez@1688.com,Female,255.30.150.20
37,Paolina,Ordemann,pordemann10@printfriendly.com,Female,210.94.139.70
38,Sarajane,Beenham,sbeenham11@bbc.co.uk,Female,207.6.143.107
39,Ramsey,Patershall,rpatershall12@gmpg.org,Male,132.139.35.67
40,Bob,Chooter,bchooter13@yale.edu,Male,177.105.206.187
41,Raimundo,Ivatt,rivatt14@examiner.com,Male,102.142.53.240
42,Andris,Paolinelli,apaolinelli15@tripod.com,Polygender,85.110.98.74
43,Lulita,Clappson,lclappson16@icq.com,Female,241.76.34.67
44,Hewe,Moat,hmoat17@cnet.com,Male,51.234.107.159
45,Barty,Mettrick,bmettrick18@wired.com,Male,206.74.221.59
46,Emmit,Pollastrone,epollastrone19@alexa.com,Male,118.80.109.22
47,Tammy,Gerrit,tgerrit1a@networksolutions.com,Male,196.97.59.117
48,Chrysler,Wickersley,cwickersley1b@chron.com,Female,47.15.11.230
49,Tadeas,Hughs,thughs1c@nhs.uk,Male,180.92.50.251
50,Carlin,Border,cborder1d@usgs.gov,Female,22.79.238.25
51,Frans,Grinsted,fgrinsted1e@cocolog-nifty.com,Male,128.168.190.120
52,Julio,Calton,jcalton1f@ocn.ne.jp,Male,168.254.244.180
53,Rita,Gilbane,rgilbane1g@t.co,Female,23.232.207.208
54,Mollee,Stebbing,mstebbing1h@wikimedia.org,Female,240.14.71.245
55,Neville,Antusch,nantusch1i@oaic.gov.au,Male,255.55.124.153
56,Rosy,Dyne,rdyne1j@ifeng.com,Genderfluid,220.254.226.101
57,Alwin,Errowe,aerrowe1k@telegraph.co.uk,Male,133.78.247.62
58,Davina,Schorah,dschorah1l@oakley.com,Female,227.77.219.0
59,Chev,Blanc,cblanc1m@cam.ac.uk,Male,76.20.88.195
60,Willie,Fairpo,wfairpo1n@cargocollective.com,Male,53.215.168.36
61,Adele,Delgaty,adelgaty1o@nhs.uk,Female,70.222.123.45
62,Annelise,Grishankov,agrishankov1p@businessinsider.com,Female,171.241.119.79
63,Sapphira,Cahani,scahani1q@wired.com,Non-binary,108.22.2.163
64,Krystal,Lympenie,klympenie1r@sun.com,Female,132.9.204.251
65,Bev,O'Hallihane,bohallihane1s@ezinearticles.com,Female,62.130.129.252
66,Fredek,Worner,fworner1t@mayoclinic.com,Male,75.37.184.84
67,Glenna,Begent,gbegent1u@amazon.com,Female,21.1.167.230
68,Warden,Caraher,wcaraher1v@sourceforge.net,Male,182.238.183.225
69,Idalia,Lineham,ilineham1w@gizmodo.com,Female,221.105.205.96
70,Torr,Blasoni,tblasoni1x@mit.edu,Male,75.161.237.64
71,Truman,Tyrer,ttyrer1y@biglobe.ne.jp,Male,46.184.37.55
72,Cash,Boniface,cboniface1z@reddit.com,Male,75.117.89.34
73,Dore,Teresse,dteresse20@trellian.com,Genderqueer,112.37.110.16
74,Maurizia,Perello,mperello21@senate.gov,Female,110.17.19.230
75,Lindsey,O'Fogarty,lofogarty22@prnewswire.com,Male,139.180.143.59
76,Biddy,Redmire,bredmire23@webnode.com,Female,16.33.167.187
77,Birgit,Lapree,blapree24@gov.uk,Female,196.182.235.179
78,Olenolin,Simenon,osimenon25@howstuffworks.com,Male,52.210.172.159
79,Arly,Dadds,adadds26@wufoo.com,Female,225.46.146.114
80,Royal,Jagiello,rjagiello27@reverbnation.com,Male,124.219.146.155
81,Felice,Dowman,fdowman28@phoca.cz,Bigender,253.213.160.238
82,Ariana,Benka,abenka29@samsung.com,Genderfluid,228.15.210.70
83,Herb,Dory,hdory2a@arizona.edu,Bigender,44.63.30.140
84,Emlyn,Done,edone2b@gravatar.com,Male,25.145.102.174
85,Melodee,Naden,mnaden2c@cam.ac.uk,Female,230.103.247.50
86,Teador,Sculley,tsculley2d@yellowpages.com,Male,83.89.175.93
87,Sindee,De Gouy,sdegouy2e@nyu.edu,Genderfluid,85.250.78.237
88,Kirbie,Jaquiss,kjaquiss2f@marketwatch.com,Genderfluid,244.38.242.148
89,Franky,Gillhespy,fgillhespy2g@posterous.com,Male,151.48.143.170
90,Daisey,Aubry,daubry2h@squidoo.com,Female,191.69.37.50
91,Cullen,Harsent,charsent2i@house.gov,Agender,37.113.153.177
92,Dukey,Care,dcare2j@twitter.com,Male,104.112.86.177
93,Hammad,Hiscoke,hhiscoke2k@ox.ac.uk,Male,251.153.128.29
94,Darbee,Hitzke,dhitzke2l@kickstarter.com,Male,58.44.69.9
95,Erda,Fidelli,efidelli2m@friendfeed.com,Female,114.23.218.209
96,Giles,Strafen,gstrafen2n@google.com,Male,107.21.66.108
97,Issi,Mongain,imongain2o@reddit.com,Non-binary,216.52.185.243
98,Ives,Keyson,ikeyson2p@liveinternet.ru,Male,181.44.2.215
99,Ruprecht,Tomlinson,rtomlinson2q@123-reg.co.uk,Male,204.207.145.202
100,Dari,Eitter,deitter2r@ovh.net,Non-binary,28.36.239.25
101,Meggie,Dericot,mdericot2s@cam.ac.uk,Female,129.183.253.255
102,Hope,Arnal,harnal2t@artisteer.com,Female,56.11.156.203
103,Guthry,Ware,gware2u@usa.gov,Genderqueer,151.166.89.79
104,Mychal,Marflitt,mmarflitt2v@deviantart.com,Male,239.60.253.102
105,Boniface,Beams,bbeams2w@ebay.co.uk,Male,128.38.191.48
106,Shandee,Huyton,shuyton2x@baidu.com,Female,142.65.73.235
107,Guthrie,Pinke,gpinke2y@mac.com,Male,11.160.135.65
108,Blancha,Godsafe,bgodsafe2z@forbes.com,Female,159.234.20.140
109,Les,Savin,lsavin30@nationalgeographic.com,Male,5.45.19.74
110,Cahra,Tookey,ctookey31@etsy.com,Female,35.49.150.18
111,Paddy,Rosone,prosone32@oaic.gov.au,Male,216.154.178.210
112,Doris,Grimbleby,dgrimbleby33@constantcontact.com,Female,33.236.212.128
113,Gwenni,Bickers,gbickers34@sourceforge.net,Female,93.157.144.140
114,Goddard,Ingleson,gingleson35@51.la,Male,54.7.109.183
115,Laverna,Ten Broek,ltenbroek36@chronoengine.com,Female,233.251.174.200
116,Shannon,MacPhee,smacphee37@salon.com,Male,50.22.15.100
117,Karyn,Pantone,kpantone38@redcross.org,Female,45.231.197.205
118,Jacintha,Durward,jdurward39@linkedin.com,Non-binary,220.101.249.209
119,Tam,Corey,tcorey3a@thetimes.co.uk,Male,146.130.20.106
120,Carlye,Bernocchi,cbernocchi3b@sun.com,Female,171.254.122.200
121,Kiley,Downham,kdownham3c@virginia.edu,Male,253.82.154.15
122,Mel,Caslin,mcaslin3d@jimdo.com,Female,160.136.179.67
123,Baudoin,Duckworth,bduckworth3e@ftc.gov,Male,217.64.217.89
124,Roland,Feeney,rfeeney3f@washingtonpost.com,Male,78.105.12.32
125,Jodie,Winkless,jwinkless3g@cbslocal.com,Male,79.58.222.32
126,Cordy,Kingston,ckingston3h@slate.com,Female,198.21.68.218
127,Tillie,Basnett,tbasnett3i@tripod.com,Female,213.172.219.249
128,Gibbie,Bartoszewicz,gbartoszewicz3j@umich.edu,Male,120.56.119.174
129,Merrili,Duffield,mduffield3k@google.cn,Female,248.174.26.95
130,Nelle,Bollins,nbollins3l@sitemeter.com,Female,236.28.128.251
131,Bail,Bowller,bbowller3m@paypal.com,Male,210.244.122.134
132,Emelita,Metherell,emetherell3n@fotki.com,Female,10.61.124.162
133,Josephina,Rosenbusch,jrosenbusch3o@wufoo.com,Female,183.91.53.168
134,Cammy,Jessel,cjessel3p@microsoft.com,Female,216.255.95.85
135,Ester,McCombe,emccombe3q@theguardian.com,Female,248.47.5.102
136,Leanora,Gipson,lgipson3r@blogs.com,Female,80.162.183.183
137,Angeli,Chaplain,achaplain3s@usatoday.com,Male,88.89.173.227
138,Bert,Ariss,bariss3t@nsw.gov.au,Female,141.112.159.150
139,Virginie,Cradock,vcradock3u@devhub.com,Female,33.207.147.51
140,Cindie,Raulin,craulin3v@jalbum.net,Female,246.38.192.56
141,Maighdiln,Weetch,mweetch3w@ask.com,Female,225.97.60.130
142,Cameron,Ivashinnikov,civashinnikov3x@sbwire.com,Genderqueer,72.195.164.74
143,Vivyanne,Hunnisett,vhunnisett3y@mlb.com,Female,65.52.138.181
144,Rollo,Fairbrass,rfairbrass3z@joomla.org,Male,66.22.35.63
145,Patrizio,Saffell,psaffell40@live.com,Male,175.51.68.157
146,Gratia,Baldocci,gbaldocci41@google.pl,Female,44.239.61.215
147,Alphard,Henrique,ahenrique42@apple.com,Male,75.36.238.99
148,Sal,Chirm,schirm43@va.gov,Female,211.186.150.166
149,Collen,Petrovykh,cpetrovykh44@ovh.net,Female,138.100.79.77
150,Kerry,Aleksankin,kaleksankin45@nasa.gov,Female,37.71.132.29
151,Laurena,Wimmer,lwimmer46@engadget.com,Female,158.101.148.36
152,Romona,Burgum,rburgum47@yolasite.com,Female,239.194.63.151
153,Roth,Argente,rargente48@privacy.gov.au,Male,121.63.118.192
154,Tess,Meaders,tmeaders49@icq.com,Female,55.166.120.112
155,Alis,Learmonth,alearmonth4a@msn.com,Female,110.157.170.197
156,Rowney,Myott,rmyott4b@about.me,Male,76.226.59.207
157,Judas,Kinkead,jkinkead4c@nytimes.com,Male,121.188.240.235
158,Wallache,Strodder,wstrodder4d@hexun.com,Male,98.195.202.224
159,Reider,Attwoul,rattwoul4e@google.ca,Genderqueer,159.217.1.218
160,Trix,Raggett,traggett4f@trellian.com,Female,105.140.186.126
161,Penrod,Bedberry,pbedberry4g@umich.edu,Male,47.9.143.156
162,Emery,Elven,eelven4h@bloomberg.com,Male,178.100.61.78
163,Cecilio,Tixall,ctixall4i@buzzfeed.com,Male,69.224.182.141
164,Goober,Blackman,gblackman4j@simplemachines.org,Male,92.64.73.141
165,Roddy,Combe,rcombe4k@bbc.co.uk,Male,31.205.186.206
166,Bette-ann,Nayer,bnayer4l@independent.co.uk,Female,146.11.185.196
167,Chic,Yepiskov,cyepiskov4m@google.co.uk,Male,99.72.148.196
168,Hester,Loads,hloads4n@cafepress.com,Bigender,52.221.228.246
169,Dion,Dalley,ddalley4o@wordpress.org,Male,226.11.101.22
170,Banky,Meredith,bmeredith4p@deliciousdays.com,Male,192.72.24.207
171,Thedric,Scibsey,tscibsey4q@multiply.com,Male,246.246.38.185
172,Sallie,Sheere,ssheere4r@cisco.com,Female,97.113.14.138
173,Gaylene,Dransfield,gdransfield4s@shareasale.com,Female,17.240.90.107
174,Timoteo,Pottiphar,tpottiphar4t@tamu.edu,Male,78.169.215.72
175,Wash,Riehm,wriehm4u@un.org,Male,128.216.61.199
176,Chandler,Cradey,ccradey4v@intel.com,Male,101.7.239.0
177,Smitty,Bartlosz,sbartlosz4w@gizmodo.com,Male,202.67.53.156
178,Whitby,Yuill,wyuill4x@histats.com,Male,152.163.181.97
179,Sidney,Bellenie,sbellenie4y@angelfire.com,Male,233.161.81.122
180,Boote,Duckinfield,bduckinfield4z@themeforest.net,Male,10.237.142.167
181,Janet,Trapp,jtrapp50@amazon.com,Female,197.131.3.196
182,Heath,Bazoge,hbazoge51@buzzfeed.com,Male,242.89.83.176
183,Tallou,Killeley,tkilleley52@about.me,Female,188.138.194.94
184,Viola,Ladewig,vladewig53@barnesandnoble.com,Female,242.173.117.14
185,Ashli,Ottey,aottey54@123-reg.co.uk,Female,9.178.74.227
186,Si,Agge,sagge55@jugem.jp,Male,227.204.53.46
187,Lonnard,Spendley,lspendley56@npr.org,Male,96.184.31.64
188,Chet,Rowena,crowena57@infoseek.co.jp,Male,216.110.11.233
189,Bert,Cypler,bcypler58@plala.or.jp,Male,202.196.61.59
190,Emera,Gebuhr,egebuhr59@123-reg.co.uk,Female,137.233.173.43
191,Jyoti,Giacubbo,jgiacubbo5a@adobe.com,Female,27.151.130.245
192,Lorin,McKee,lmckee5b@fc2.com,Male,172.195.251.172
193,Alaine,Lintall,alintall5c@wikispaces.com,Female,220.134.248.18
194,Torre,Barde,tbarde5d@vkontakte.ru,Male,144.115.132.149
195,Wally,Chesley,wchesley5e@networkadvertising.org,Female,163.116.223.151
196,Patty,Norfolk,pnorfolk5f@imgur.com,Male,149.18.39.205
197,Margery,Arnauduc,marnauduc5g@oracle.com,Female,83.151.113.140
198,Othelia,De Bernardis,odebernardis5h@mysql.com,Female,184.192.46.184
199,Hillary,Fierman,hfierman5i@hibu.com,Male,30.5.72.58
200,Sibyl,Letteresse,sletteresse5j@noaa.gov,Female,148.113.127.23
201,Tarrance,Zamora,tzamora5k@printfriendly.com,Male,86.10.90.248
202,Carine,Sinnie,csinnie5l@reuters.com,Female,113.207.161.175
203,Cyb,Holstein,cholstein5m@rakuten.co.jp,Female,152.246.23.169
204,Arlee,Lantaph,alantaph5n@hc360.com,Female,68.52.244.243
205,Alfreda,Cobby,acobby5o@bluehost.com,Female,121.107.166.255
206,Thorndike,Kinsey,tkinsey5p@nature.com,Male,138.79.231.37
207,Ezequiel,Barrable,ebarrable5q@wufoo.com,Male,75.42.200.175
208,Joanie,Bedson,jbedson5r@free.fr,Polygender,192.232.73.41
209,Fredrick,Birdwhistell,fbirdwhistell5s@adobe.com,Male,164.57.187.8
210,Jonie,Meany,jmeany5t@free.fr,Female,87.87.71.125
211,Lorne,Swindles,lswindles5u@miibeian.gov.cn,Male,114.68.234.253
212,Orson,Lampel,olampel5v@walmart.com,Male,60.158.137.185
213,Vern,Jellybrand,vjellybrand5w@goo.gl,Male,118.144.240.102
214,Marsh,Simes,msimes5x@hexun.com,Male,207.183.238.23
215,Sari,Spellecy,sspellecy5y@scientificamerican.com,Agender,231.176.64.53
216,Sal,Mcmanaman,smcmanaman5z@springer.com,Female,234.203.245.193
217,Alleyn,Bamling,abamling60@gov.uk,Male,21.77.158.3
218,Basilius,Purcell,bpurcell61@icq.com,Male,107.182.162.196
219,Eugene,Hardie,ehardie62@moonfruit.com,Male,96.30.105.50
220,Ellette,Real,ereal63@hao123.com,Female,224.21.111.57
221,Ingra,Doodson,idoodson64@cdbaby.com,Male,94.81.150.142
222,Henrik,Bussetti,hbussetti65@unicef.org,Male,152.109.206.68
223,Zebedee,Scawn,zscawn66@hhs.gov,Male,97.249.131.162
224,Karlens,Pitfield,kpitfield67@wordpress.org,Male,171.241.80.168
225,Jere,Keuning,jkeuning68@a8.net,Female,67.91.26.0
226,Harriet,Downes,hdownes69@yahoo.com,Female,215.231.170.149
227,Debor,Kinghorne,dkinghorne6a@nifty.com,Female,252.23.56.220
228,Hildy,Minard,hminard6b@seesaa.net,Female,32.19.151.111
229,Jeanna,Speller,jspeller6c@edublogs.org,Female,17.147.162.59
230,Andrea,Galbreath,agalbreath6d@dailymail.co.uk,Male,52.172.242.188
231,Godfree,Harlin,gharlin6e@buzzfeed.com,Male,223.207.76.54
232,Washington,Corneil,wcorneil6f@go.com,Male,179.183.52.101
233,Caralie,Burr,cburr6g@webnode.com,Female,140.32.88.110
234,Fritz,Waggitt,fwaggitt6h@pcworld.com,Male,236.174.60.39
235,Maribeth,Mugford,mmugford6i@slate.com,Female,33.143.69.227
236,Katrinka,Yakobovicz,kyakobovicz6j@360.cn,Female,140.18.145.146
237,Risa,Yukhnov,ryukhnov6k@themeforest.net,Female,71.208.65.164
238,Marcelle,Kobpa,mkobpa6l@jiathis.com,Female,235.3.10.196
239,Norah,Jepperson,njepperson6m@mayoclinic.com,Female,145.14.184.226
240,Natividad,Atwool,natwool6n@imageshack.us,Female,68.23.199.86
241,Jacquette,Sidle,jsidle6o@salon.com,Female,52.104.75.69
242,Conway,Pritchard,cpritchard6p@apple.com,Male,111.116.11.213
243,Barrie,Dumbrill,bdumbrill6q@taobao.com,Male,240.210.53.163
244,Boone,Guitel,bguitel6r@quantcast.com,Male,25.161.152.67
245,Ilaire,Badgers,ibadgers6s@geocities.jp,Male,96.44.218.79
246,Bethany,Tilley,btilley6t@abc.net.au,Female,91.29.210.52
247,Gilbertine,Dowker,gdowker6u@phpbb.com,Female,17.147.253.124
248,Shaun,Delepine,sdelepine6v@harvard.edu,Male,167.153.94.62
249,Rosana,Edsell,redsell6w@sohu.com,Female,2.197.168.55
250,Maureen,Pickance,mpickance6x@naver.com,Female,84.81.29.25
251,Catha,Cattellion,ccattellion6y@foxnews.com,Female,168.210.221.59
252,Georgia,Forrestill,gforrestill6z@jugem.jp,Female,160.130.156.80
253,Corny,Decourt,cdecourt70@desdev.cn,Genderfluid,24.212.64.252
254,Kerr,Wrate,kwrate71@dailymail.co.uk,Male,45.250.243.137
255,Lynne,Gregs,lgregs72@edublogs.org,Female,113.228.6.181
256,Mauricio,Keavy,mkeavy73@ebay.co.uk,Male,112.63.175.218
257,Ophelie,Sunman,osunman74@noaa.gov,Female,228.237.151.217
258,Chaddie,Hutchcraft,chutchcraft75@accuweather.com,Male,185.122.153.166
259,Ellie,Curror,ecurror76@mediafire.com,Female,218.125.119.12
260,Arlie,Burn,aburn77@cbsnews.com,Female,171.16.203.122
261,Fleming,Swate,fswate78@youku.com,Male,174.30.178.93
262,Rolfe,Bertomieu,rbertomieu79@acquirethisname.com,Male,58.135.164.221
263,Phedra,Newbury,pnewbury7a@networkadvertising.org,Female,184.193.31.129
264,Nowell,Bramo,nbramo7b@vimeo.com,Male,40.35.191.11
265,Micheal,Geratasch,mgeratasch7c@webnode.com,Male,248.79.245.185
266,Benyamin,Mattisssen,bmattisssen7d@e-recht24.de,Male,2.154.155.40
267,Townie,Fer,tfer7e@samsung.com,Agender,39.30.122.133
268,Perkin,Jeste,pjeste7f@hubpages.com,Agender,101.241.194.203
269,Toby,Rainbird,trainbird7g@nsw.gov.au,Female,48.190.27.103
270,Licha,Bungey,lbungey7h@salon.com,Female,219.157.128.148
271,Demetria,Erricker,derricker7i@cafepress.com,Female,232.4.127.218
272,Anne,Waudby,awaudby7j@redcross.org,Female,114.140.167.177
273,Sorcha,Gowlett,sgowlett7k@soundcloud.com,Female,154.254.234.241
274,Datha,Kinnen,dkinnen7l@youtube.com,Polygender,25.91.41.255
275,Innis,Antrim,iantrim7m@opensource.org,Male,239.208.104.121
276,Dacie,Fayer,dfayer7n@surveymonkey.com,Female,207.52.21.160
277,Nikoletta,Toffolini,ntoffolini7o@icio.us,Female,96.144.184.227
278,Ainslee,Oseman,aoseman7p@netscape.com,Genderqueer,243.75.102.128
279,Lanny,Ginty,lginty7q@opera.com,Male,53.91.107.175
280,Davis,Igounet,digounet7r@reddit.com,Male,251.226.54.179
281,Marcello,Fingleton,mfingleton7s@eepurl.com,Male,114.98.43.162
282,Celinka,Worledge,cworledge7t@buzzfeed.com,Female,180.192.136.17
283,Merwyn,Bridle,mbridle7u@blogs.com,Polygender,11.177.189.246
284,Dwayne,Radmore,dradmore7v@delicious.com,Male,119.236.43.68
285,Yasmin,Dolbey,ydolbey7w@cafepress.com,Female,92.171.94.149
286,Chuck,Marmon,cmarmon7x@pbs.org,Male,185.222.143.169
287,Christine,Whaymand,cwhaymand7y@wikispaces.com,Female,203.234.186.52
288,Arie,Prime,aprime7z@pbs.org,Male,131.33.234.82
289,Nahum,Gellately,ngellately80@shareasale.com,Male,174.219.43.186
290,Logan,Fabbro,lfabbro81@un.org,Male,16.70.126.153
291,Chelsy,Hazelgrove,chazelgrove82@icio.us,Female,17.233.138.251
292,Esmeralda,Petr,epetr83@yolasite.com,Female,53.16.156.4
293,Clerissa,Spaduzza,cspaduzza84@youtube.com,Female,192.171.50.126
294,Gretna,Grinikhinov,ggrinikhinov85@typepad.com,Female,135.61.196.175
295,Arnuad,Pierrepont,apierrepont86@ox.ac.uk,Male,10.30.39.191
296,Tove,Martusov,tmartusov87@ed.gov,Female,98.177.79.159
297,Alonso,Jolin,ajolin88@ftc.gov,Male,249.122.23.51
298,Kristos,Winchurch,kwinchurch89@answers.com,Male,237.126.6.93
299,Claudelle,McInteer,cmcinteer8a@bloglovin.com,Female,248.122.64.86
300,Lanae,Oswald,loswald8b@vinaora.com,Female,124.19.147.255
301,Dion,Airds,dairds8c@nbcnews.com,Female,6.137.217.250
302,Granthem,Fells,gfells8d@theguardian.com,Male,145.5.62.183
303,Deedee,O'Collopy,docollopy8e@rakuten.co.jp,Female,58.134.86.148
304,Kimbell,Pine,kpine8f@elegantthemes.com,Male,246.216.235.215
305,Grove,Mowett,gmowett8g@walmart.com,Male,247.90.38.143
306,Bradley,Clement,bclement8h@cpanel.net,Male,182.163.109.188
307,Lilas,Lillicrap,llillicrap8i@dedecms.com,Female,122.73.213.68
308,Nobie,Halewood,nhalewood8j@amazonaws.com,Male,82.87.31.214
309,Demetris,Bednell,dbednell8k@baidu.com,Polygender,80.48.131.233
310,Darya,MacConnell,dmacconnell8l@skyrock.com,Female,207.74.206.139
311,Lemmy,Hatchard,lhatchard8m@comcast.net,Male,77.5.69.37
312,Jacintha,Bradford,jbradford8n@senate.gov,Female,15.56.105.180
313,Alano,Carrington,acarrington8o@de.vu,Male,101.202.70.225
314,Guy,Bonner,gbonner8p@reference.com,Male,158.195.34.81
315,Anson,Restill,arestill8q@examiner.com,Male,187.110.185.35
316,Waldo,Roseblade,wroseblade8r@flickr.com,Male,188.218.229.148
317,Georg,Newsham,gnewsham8s@tuttocitta.it,Male,36.194.119.172
318,Hillary,Brute,hbrute8t@dot.gov,Female,252.155.44.212
319,Alasteir,Galbraeth,agalbraeth8u@unicef.org,Genderfluid,201.61.114.168
320,Gallagher,Jancar,gjancar8v@shop-pro.jp,Male,17.211.157.122
321,Hermann,Symson,hsymson8w@timesonline.co.uk,Male,196.142.183.212
322,Mart,Pettersen,mpettersen8x@networkadvertising.org,Genderfluid,81.9.149.25
323,Corry,Oppy,coppy8y@ibm.com,Female,124.51.77.129
324,Ange,Nockolds,anockolds8z@eventbrite.com,Male,228.76.99.78
325,Andie,Inchbald,ainchbald90@washington.edu,Bigender,179.88.36.220
326,Richardo,Skivington,rskivington91@squarespace.com,Male,113.146.42.226
327,Nicolea,Boness,nboness92@npr.org,Female,49.19.82.233
328,Carlie,Surphliss,csurphliss93@tripod.com,Genderqueer,206.243.67.186
329,Tammara,Martinuzzi,tmartinuzzi94@ox.ac.uk,Female,53.92.240.247
330,Nicola,Seville,nseville95@canalblog.com,Non-binary,196.254.5.54
331,Tuesday,Jeanet,tjeanet96@statcounter.com,Genderfluid,230.35.116.71
332,Stephen,Howsam,showsam97@wired.com,Male,120.254.217.106
333,Janek,Dowrey,jdowrey98@ehow.com,Male,248.226.167.149
334,Derek,Oultram,doultram99@unesco.org,Male,73.107.57.143
335,Cory,O' Markey,comarkey9a@paginegialle.it,Male,202.97.158.171
336,Georgy,Larvor,glarvor9b@nytimes.com,Non-binary,12.75.151.175
337,Shamus,Farre,sfarre9c@infoseek.co.jp,Male,113.0.48.205
338,Roseanne,Farbrace,rfarbrace9d@ycombinator.com,Female,150.181.230.184
339,Hazel,Atkinson,hatkinson9e@myspace.com,Female,34.114.60.79
340,Marlane,Glowach,mglowach9f@netscape.com,Female,221.209.12.71
341,Randy,Elph,relph9g@ifeng.com,Bigender,119.10.161.72
342,Rebecca,Burgiss,rburgiss9h@taobao.com,Female,143.215.59.140
343,Gizela,Leidl,gleidl9i@slideshare.net,Female,20.113.162.78
344,Caro,Slocombe,cslocombe9j@craigslist.org,Non-binary,196.108.207.242
345,Vasilis,Hannum,vhannum9k@mozilla.com,Male,254.158.215.87
346,Findlay,Ketcher,fketcher9l@wordpress.com,Male,148.17.179.93
347,Danila,Sproule,dsproule9m@shutterfly.com,Female,220.142.172.2
348,Lynnet,Brymham,lbrymham9n@accuweather.com,Female,61.91.76.112
349,Arabela,Haseley,ahaseley9o@chicagotribune.com,Female,16.139.110.87
350,Stepha,Mauger,smauger9p@businessweek.com,Female,138.35.27.228
351,Issy,Warlawe,iwarlawe9q@mashable.com,Female,45.209.210.20
352,Vanessa,Cabble,vcabble9r@unesco.org,Female,168.180.12.220
353,Winny,Stainburn,wstainburn9s@paypal.com,Male,186.103.218.80
354,Emmet,Kopta,ekopta9t@answers.com,Male,24.197.167.22
355,Nikkie,Halesworth,nhalesworth9u@spiegel.de,Female,184.81.132.238
356,Daune,Bedham,dbedham9v@elegantthemes.com,Female,178.191.204.114
357,Nani,Horney,nhorney9w@canalblog.com,Female,244.164.154.137
358,Tilly,McDavid,tmcdavid9x@amazon.co.uk,Female,223.41.159.148
359,Ida,Netherclift,inetherclift9y@nba.com,Female,46.47.190.12
360,Brittany,Meugens,bmeugens9z@oracle.com,Female,228.77.21.155
361,Jeni,Mainds,jmaindsa0@g.co,Female,129.10.57.14
362,Beaufort,Oakenfall,boakenfalla1@netscape.com,Male,175.101.28.107
363,Des,Blinkhorn,dblinkhorna2@creativecommons.org,Male,93.218.83.37
364,Launce,Boughtwood,lboughtwooda3@domainmarket.com,Male,129.216.80.165
365,Drucill,Geroldo,dgeroldoa4@goo.ne.jp,Female,70.22.159.235
366,Rutledge,Benck,rbencka5@blogtalkradio.com,Male,82.223.69.212
367,Broderick,Carlaw,bcarlawa6@ning.com,Male,42.72.203.37
368,Traver,Swatton,tswattona7@hexun.com,Male,85.47.229.108
369,Rutter,Impleton,rimpletona8@themeforest.net,Male,135.237.235.62
370,Jaimie,Stroton,jstrotona9@admin.ch,Male,145.178.166.104
371,Evy,Coyish,ecoyishaa@spotify.com,Female,98.179.4.136
372,Hilario,Midson,hmidsonab@uol.com.br,Male,129.239.163.175
373,Brianne,Newe,bneweac@geocities.jp,Female,149.105.95.86
374,Nonnah,Whitworth,nwhitworthad@free.fr,Female,61.28.136.46
375,Edwina,Venton,eventonae@si.edu,Female,95.51.3.101
376,Adelle,Wallbanks,awallbanksaf@wikimedia.org,Female,53.96.36.228
377,Rois,Rouby,rroubyag@google.it,Female,8.108.233.68
378,Andras,Oldroyd,aoldroydah@flickr.com,Male,67.106.126.174
379,Binky,Leidecker,bleideckerai@moonfruit.com,Male,165.180.216.224
380,Tomasine,Ambrosoli,tambrosoliaj@bing.com,Female,226.92.196.153
381,Simone,Mattingly,smattinglyak@tiny.cc,Female,78.154.16.29
382,Vida,Peppett,vpeppettal@mapquest.com,Female,177.137.251.217
383,Barnard,Gaitskell,bgaitskellam@gov.uk,Male,221.54.69.169
384,Nicholas,Feechan,nfeechanan@cdbaby.com,Male,193.84.84.37
385,Arabele,Yashunin,ayashuninao@hp.com,Female,6.41.12.162
386,Town,Romanin,tromaninap@ocn.ne.jp,Bigender,211.151.158.180
387,Dav,Hullett,dhullettaq@washington.edu,Male,220.83.41.63
388,Aurelea,Iwanowski,aiwanowskiar@yellowbook.com,Female,193.232.196.170
389,Moises,Tattersfield,mtattersfieldas@ning.com,Male,69.184.211.234
390,Ulrika,Peteri,upeteriat@sogou.com,Female,40.28.7.144
391,Biddie,Tanzig,btanzigau@answers.com,Female,194.231.7.239
392,Eugenia,Masserel,emasserelav@ning.com,Female,201.210.179.234
393,Joceline,Murt,jmurtaw@cargocollective.com,Female,78.233.70.194
394,Belvia,Craigie,bcraigieax@independent.co.uk,Female,148.245.77.99
395,Joana,Leinweber,jleinweberay@blogtalkradio.com,Female,225.241.22.80
396,Hart,Putley,hputleyaz@google.co.uk,Male,109.75.105.200
397,Creight,Downton,cdowntonb0@yahoo.co.jp,Bigender,50.62.202.75
398,Raphael,Hannah,rhannahb1@instagram.com,Male,188.97.10.128
399,Jamaal,Twiddy,jtwiddyb2@dmoz.org,Male,178.185.77.3
400,Ambrosius,Saing,asaingb3@4shared.com,Male,140.65.17.167
401,Imojean,Crimp,icrimpb4@creativecommons.org,Agender,127.80.97.25
402,Phaedra,Martindale,pmartindaleb5@cocolog-nifty.com,Female,227.35.125.119
403,Berk,Dymott,bdymottb6@taobao.com,Male,91.37.42.123
404,Mitchell,Erdes,merdesb7@fda.gov,Male,186.79.114.206
405,Althea,Comusso,acomussob8@cargocollective.com,Female,48.213.245.187
406,Zak,Yanez,zyanezb9@spiegel.de,Male,251.123.215.44
407,Dolph,Rozet,drozetba@eepurl.com,Male,97.95.110.28
408,Dasie,Derbyshire,dderbyshirebb@ucoz.com,Female,146.246.131.5
409,Kendall,Brome,kbromebc@netscape.com,Male,214.98.42.118
410,Murielle,Kimber,mkimberbd@ifeng.com,Female,244.172.211.191
411,Jelene,Skacel,jskacelbe@oracle.com,Female,120.33.58.221
412,Otho,Eastes,oeastesbf@prnewswire.com,Male,176.80.147.94
413,Lilla,Iiannone,liiannonebg@lycos.com,Female,238.40.74.65
414,Vinnie,Barabich,vbarabichbh@squarespace.com,Male,134.228.126.8
415,Margo,Bangiard,mbangiardbi@usnews.com,Female,184.47.207.162
416,Cybill,Caris,ccarisbj@bluehost.com,Female,222.216.92.236
417,Carmon,Cutbush,ccutbushbk@odnoklassniki.ru,Genderqueer,241.82.154.255
418,Zelma,Hirche,zhirchebl@businesswire.com,Female,190.66.214.24
419,Palm,Weddeburn - Scrimgeour,pweddeburnscrimgeourbm@livejournal.com,Male,175.40.38.86
420,Lockwood,Netherwood,lnetherwoodbn@live.com,Male,133.222.13.121
421,Meier,Ewells,mewellsbo@nifty.com,Male,97.243.223.144
422,Neala,Wollard,nwollardbp@si.edu,Female,52.45.189.189
423,Corrinne,Pettifor,cpettiforbq@jalbum.net,Female,73.160.65.130
424,Brice,Bonnor,bbonnorbr@mit.edu,Male,31.228.1.212
425,Felicle,Ephson,fephsonbs@ameblo.jp,Non-binary,92.188.10.171
426,Fritz,Redferne,fredfernebt@mozilla.com,Male,19.83.206.40
427,Niki,Russam,nrussambu@reddit.com,Bigender,230.149.254.85
428,Miriam,Cure,mcurebv@cam.ac.uk,Female,111.52.51.89
429,Corbie,Esbrook,cesbrookbw@hexun.com,Male,199.193.221.132
430,Torry,Hearons,thearonsbx@oracle.com,Male,63.177.134.158
431,Oates,MacGuffie,omacguffieby@bigcartel.com,Male,41.169.177.131
432,Starlene,Eilhermann,seilhermannbz@163.com,Female,12.221.227.101
433,Darcy,Checci,dcheccic0@tripod.com,Male,56.218.61.132
434,Margarette,Charley,mcharleyc1@boston.com,Female,208.207.99.136
435,Nester,Le Grys,nlegrysc2@webmd.com,Male,186.208.94.48
436,Bertina,Tansley,btansleyc3@reverbnation.com,Female,214.201.207.139
437,Boony,Rosenblum,brosenblumc4@studiopress.com,Male,96.59.25.46
438,Starlin,Kures,skuresc5@studiopress.com,Female,71.69.247.13
439,Samson,Bengal,sbengalc6@washington.edu,Male,239.88.62.97
440,Suzette,Duigan,sduiganc7@bbb.org,Female,16.107.188.244
441,Delainey,Netherwood,dnetherwoodc8@howstuffworks.com,Male,116.251.160.11
442,Jobyna,Paffett,jpaffettc9@economist.com,Female,34.193.233.212
443,Juli,Sallows,jsallowsca@angelfire.com,Female,14.52.117.206
444,Marcellus,Chastney,mchastneycb@example.com,Male,10.33.111.166
445,Eadmund,Sego,esegocc@guardian.co.uk,Male,200.2.2.12
446,Jeffry,Duke,jdukecd@oakley.com,Male,148.121.238.100
447,Jolyn,Roggero,jroggeroce@walmart.com,Female,233.226.216.78
448,Raphael,Giscken,rgisckencf@free.fr,Polygender,41.179.254.208
449,Debbie,Van der Hoeven,dvanderhoevencg@soup.io,Female,40.66.104.70
450,Misha,Michelotti,mmichelottich@harvard.edu,Female,117.41.61.251
451,Alexi,Hoggetts,ahoggettsci@google.com.hk,Female,150.242.99.175
452,Camellia,Vasyuchov,cvasyuchovcj@ning.com,Genderfluid,176.35.149.134
453,Benson,Kuhndel,bkuhndelck@census.gov,Male,103.68.106.240
454,Filip,Albertson,falbertsoncl@reuters.com,Male,150.228.21.57
455,Lu,Kiddle,lkiddlecm@pagesperso-orange.fr,Female,40.241.137.59
456,Odell,Drei,odreicn@twitpic.com,Male,72.193.82.164
457,Bert,Haldane,bhaldaneco@tinyurl.com,Male,89.143.28.199
458,Jodie,Chatters,jchatterscp@so-net.ne.jp,Female,167.71.33.194
459,Benedicta,Lyston,blystoncq@fc2.com,Female,74.139.65.34
460,Freddy,Schreiner,fschreinercr@google.nl,Female,94.110.195.83
461,Kathe,Lutsch,klutschcs@sogou.com,Female,197.82.237.13
462,Morgan,Foskew,mfoskewct@redcross.org,Female,121.133.100.121
463,Art,Stain,astaincu@abc.net.au,Male,97.183.236.85
464,Keslie,Stockell,kstockellcv@huffingtonpost.com,Female,192.189.57.91
465,Rosemarie,McCreery,rmccreerycw@parallels.com,Female,162.146.36.190
466,Nilson,Alldridge,nalldridgecx@rambler.ru,Male,103.105.4.29
467,Drusilla,Lapere,dlaperecy@woothemes.com,Female,97.139.248.46
468,Alexis,Shardlow,ashardlowcz@go.com,Male,171.38.97.76
469,Farrand,Kitcatt,fkitcattd0@reuters.com,Female,13.26.252.137
470,Sharline,Kilban,skilband1@wix.com,Female,254.186.145.40
471,Loria,Phair,lphaird2@fema.gov,Female,145.29.97.126
472,Darnall,Augur,daugurd3@google.com.br,Male,125.24.186.247
473,Valentine,Livett,vlivettd4@marriott.com,Male,196.6.235.180
474,Philippa,Thying,pthyingd5@last.fm,Female,211.102.207.73
475,Camile,Breeder,cbreederd6@earthlink.net,Female,9.83.22.138
476,Inge,Ellesmere,iellesmered7@creativecommons.org,Female,74.95.111.143
477,Brunhilde,Hebditch,bhebditchd8@usatoday.com,Female,120.120.156.65
478,Jakob,Colbertson,jcolbertsond9@gmpg.org,Male,219.198.104.30
479,Phillipe,Dodding,pdoddingda@huffingtonpost.com,Agender,79.97.107.244
480,Electra,Uttridge,euttridgedb@cdbaby.com,Female,232.247.123.174
481,Fritz,Brecher,fbrecherdc@nifty.com,Male,159.172.236.57
482,Becka,Borkin,bborkindd@e-recht24.de,Female,165.66.193.159
483,Dorita,Beddall,dbeddallde@mashable.com,Female,136.137.122.75
484,Erminia,Stannett,estannettdf@forbes.com,Female,87.110.123.186
485,Sydelle,Learmouth,slearmouthdg@google.fr,Female,35.139.74.134
486,Bernadene,McDuff,bmcduffdh@geocities.jp,Polygender,53.70.184.239
487,Siegfried,Tranter,stranterdi@skype.com,Male,172.125.96.146
488,Amandie,Keough,akeoughdj@phpbb.com,Female,6.154.60.42
489,Kevyn,Martinez,kmartinezdk@ft.com,Female,157.152.246.185
490,Justen,Wiggins,jwigginsdl@cisco.com,Male,133.223.199.69
491,Bealle,Langthorn,blangthorndm@flavors.me,Male,67.34.56.115
492,Nady,Lindman,nlindmandn@geocities.com,Female,85.145.15.92
493,Livy,Caustic,lcausticdo@discovery.com,Female,152.180.138.231
494,Dario,Yakuntsov,dyakuntsovdp@harvard.edu,Male,24.17.205.96
495,Gabie,Checkley,gcheckleydq@chron.com,Male,177.127.126.103
496,Caressa,Wolters,cwoltersdr@opera.com,Female,150.135.79.11
497,Morgana,Parfitt,mparfittds@eventbrite.com,Female,123.154.64.239
498,Tansy,Leechman,tleechmandt@pcworld.com,Female,66.216.216.6
499,Davine,Pothecary,dpothecarydu@mail.ru,Female,37.84.15.99
500,Arabel,Irvine,airvinedv@barnesandnoble.com,Female,225.180.16.191
501,Kirk,Hearnah,khearnahdw@eventbrite.com,Male,29.53.48.148
502,Danette,Lindl,dlindldx@google.com.hk,Female,169.161.99.137
503,Hodge,Lucien,hluciendy@last.fm,Male,186.248.3.226
504,Elfreda,Langelaan,elangelaandz@google.es,Female,158.208.3.98
505,Joeann,Grocutt,jgrocutte0@com.com,Female,133.44.77.170
506,Tibold,Hamlyn,thamlyne1@booking.com,Male,29.70.123.214
507,Alden,Fontenot,afontenote2@dailymail.co.uk,Male,206.130.239.70
508,Pieter,Fallanche,pfallanchee3@php.net,Male,131.156.184.76
509,Silvia,Spatoni,sspatonie4@princeton.edu,Genderqueer,20.57.139.157
510,Coralie,Cobley,ccobleye5@upenn.edu,Female,67.40.184.251
511,Celeste,Penhall,cpenhalle6@cmu.edu,Female,54.235.124.1
512,Danella,Napoleone,dnapoleonee7@miibeian.gov.cn,Female,71.120.41.165
513,Ros,Goman,rgomane8@csmonitor.com,Female,26.252.224.249
514,Kessia,McGeagh,kmcgeaghe9@ycombinator.com,Female,61.141.20.5
515,Jamal,Gockeler,jgockelerea@who.int,Male,245.26.13.180
516,Reinaldos,Petrovsky,rpetrovskyeb@ow.ly,Male,34.133.27.199
517,Umeko,MacNeill,umacneillec@friendfeed.com,Polygender,210.237.131.120
518,Ariana,Tinson,atinsoned@ucla.edu,Female,30.136.248.74
519,Betty,Gauche,bgaucheee@un.org,Female,203.31.24.14
520,Rice,Danne,rdanneef@illinois.edu,Male,109.163.62.241
521,Lonna,English,lenglisheg@army.mil,Female,58.53.80.240
522,Manon,Eyrl,meyrleh@bloglines.com,Non-binary,179.141.221.223
523,Laverne,Brass,lbrassei@live.com,Female,238.36.213.40
524,Sandra,Lancastle,slancastleej@typepad.com,Female,154.71.218.180
525,Frederico,Beidebeke,fbeidebekeek@tinypic.com,Male,86.116.72.138
526,Prince,Bleazard,pbleazardel@joomla.org,Male,215.83.117.32
527,Iosep,Brotheridge,ibrotheridgeem@webmd.com,Male,237.52.35.186
528,Ethan,Baylie,ebaylieen@xrea.com,Male,79.52.241.189
529,Rudyard,Slimon,rslimoneo@creativecommons.org,Male,219.85.28.47
530,Elsworth,Hasson,ehassonep@tinyurl.com,Genderfluid,162.138.223.147
531,Kendal,Reedyhough,kreedyhougheq@domainmarket.com,Male,205.65.23.81
532,Bettina,Cathery,bcatheryer@ed.gov,Female,215.250.86.103
533,Maribel,Pahler,mpahleres@ucoz.com,Female,112.231.229.136
534,Melloney,Quakley,mquakleyet@netvibes.com,Female,156.58.183.21
535,Kristy,Masterton,kmastertoneu@booking.com,Female,141.188.155.137
536,Celeste,Dawdry,cdawdryev@state.gov,Female,210.247.14.211
537,Giralda,Weine,gweineew@live.com,Female,246.249.8.52
538,Yvon,Marini,ymariniex@addthis.com,Male,45.138.121.173
539,Sutherlan,Kornas,skornasey@baidu.com,Male,216.23.211.97
540,Wynn,Culpan,wculpanez@utexas.edu,Male,66.91.188.193
541,Karlis,Klazenga,kklazengaf0@craigslist.org,Male,36.241.15.154
542,Pasquale,Bresnahan,pbresnahanf1@pinterest.com,Male,245.112.31.14
543,Rollin,Chennells,rchennellsf2@163.com,Male,85.255.191.213
544,Frannie,Balducci,fbalduccif3@patch.com,Male,248.2.26.242
545,Johnath,Nutley,jnutleyf4@gnu.org,Female,72.205.54.34
546,Izzy,Dubble,idubblef5@webmd.com,Male,184.250.180.155
547,Foss,Checchetelli,fchecchetellif6@exblog.jp,Male,117.116.130.199
548,Nicolea,Tallow,ntallowf7@upenn.edu,Female,140.74.141.238
549,Arty,Fishley,afishleyf8@sbwire.com,Bigender,89.206.207.184
550,Morissa,Feilden,mfeildenf9@alibaba.com,Female,127.196.230.246
551,Urbanus,Kernermann,ukernermannfa@nyu.edu,Agender,147.112.13.150
552,Teresa,Crake,tcrakefb@bloglovin.com,Female,87.144.17.227
553,Lemmy,Latan,llatanfc@woothemes.com,Male,139.146.83.215
554,Mada,Cork,mcorkfd@nba.com,Female,7.191.0.57
555,Allyn,Abbado,aabbadofe@howstuffworks.com,Male,79.127.40.25
556,Corbett,de la Valette Parisot,cdelavaletteparisotff@cnbc.com,Male,12.33.99.208
557,Katina,Foston,kfostonfg@hexun.com,Female,236.218.242.113
558,Elna,McIlvenny,emcilvennyfh@alibaba.com,Female,218.90.209.38
559,Worthy,Cattermull,wcattermullfi@thetimes.co.uk,Male,150.244.102.50
560,Rhoda,Strivens,rstrivensfj@twitpic.com,Female,248.132.116.73
561,Trev,Spinozzi,tspinozzifk@wikispaces.com,Male,34.21.253.164
562,Phelia,Weerdenburg,pweerdenburgfl@sina.com.cn,Female,230.112.91.192
563,Park,Miko,pmikofm@chicagotribune.com,Male,131.104.178.103
564,Haily,Schottli,hschottlifn@howstuffworks.com,Female,248.113.41.213
565,Shirl,Slot,sslotfo@who.int,Female,42.146.29.218
566,Tonia,Crowcroft,tcrowcroftfp@ftc.gov,Female,16.221.26.104
567,Phylis,Templeton,ptempletonfq@pcworld.com,Genderqueer,217.244.243.48
568,Davidde,Schoular,dschoularfr@cisco.com,Male,136.126.53.211
569,Antin,Yewdall,ayewdallfs@jugem.jp,Male,241.147.220.74
570,Shell,Clother,sclotherft@wix.com,Female,173.136.209.255
571,Holly,Condict,hcondictfu@github.com,Non-binary,7.17.255.66
572,Rhodia,Bracken,rbrackenfv@topsy.com,Female,252.151.123.103
573,Chloe,Greir,cgreirfw@google.fr,Female,243.97.72.114
574,Rudolph,Brameld,rbrameldfx@cocolog-nifty.com,Male,57.250.12.25
575,Minnaminnie,Lowndsbrough,mlowndsbroughfy@bloglovin.com,Female,136.197.164.70
576,Aurilia,Pavy,apavyfz@sakura.ne.jp,Female,184.82.84.133
577,Wallis,De Carolis,wdecarolisg0@slate.com,Male,62.91.163.45
578,Lawrence,Itter,litterg1@icq.com,Male,187.41.213.249
579,Holmes,Havill,hhavillg2@myspace.com,Male,252.254.57.206
580,Wiley,Lifsey,wlifseyg3@vistaprint.com,Male,90.237.172.46
581,Katuscha,Lawless,klawlessg4@bluehost.com,Female,255.10.65.134
582,Torrin,Blakes,tblakesg5@bizjournals.com,Male,136.218.223.26
583,Dew,Murray,dmurrayg6@google.co.jp,Male,132.24.142.28
584,Hillary,Fullager,hfullagerg7@patch.com,Male,176.76.63.209
585,Lorilyn,Pettifor,lpettiforg8@blinklist.com,Female,78.167.220.82
586,Ches,Lowater,clowaterg9@behance.net,Male,246.7.221.149
587,Britteny,Ropkes,bropkesga@arstechnica.com,Female,194.48.100.76
588,Gwennie,Fishwick,gfishwickgb@indiatimes.com,Female,146.40.74.38
589,Prescott,Skeleton,pskeletongc@goo.gl,Male,225.15.62.7
590,Cathyleen,Petrou,cpetrougd@usda.gov,Female,87.10.226.175
591,Cherri,Carreyette,ccarreyettege@moonfruit.com,Female,125.60.57.42
592,Korey,Sharer,ksharergf@samsung.com,Male,250.109.5.94
593,Agosto,Parradice,aparradicegg@tuttocitta.it,Male,113.100.56.83
594,Anica,Boyles,aboylesgh@dyndns.org,Non-binary,123.247.86.12
595,Gael,Bollin,gbollingi@cnn.com,Male,232.89.129.215
596,Ayn,Orrock,aorrockgj@tinyurl.com,Female,88.239.116.190
597,Cassius,Bartaletti,cbartalettigk@1688.com,Male,230.17.246.27
598,Wilbur,Jemmison,wjemmisongl@aol.com,Male,109.42.182.111
599,Rochelle,Hyndes,rhyndesgm@sakura.ne.jp,Female,88.35.150.0
600,Marjorie,Kauschke,mkauschkegn@newyorker.com,Female,2.204.26.86
601,Mireille,Hodgen,mhodgengo@blog.com,Non-binary,230.157.250.51
602,Amalea,Bawles,abawlesgp@foxnews.com,Female,158.239.96.205
603,Shandy,Verty,svertygq@com.com,Female,41.77.97.80
604,Lyndsie,Buglar,lbuglargr@is.gd,Female,15.192.132.201
605,Siouxie,Megarrell,smegarrellgs@creativecommons.org,Female,223.50.44.53
606,Javier,Drane,jdranegt@symantec.com,Male,152.88.14.68
607,Jeni,Dorant,jdorantgu@eepurl.com,Female,100.21.186.251
608,Zelma,Duce,zducegv@over-blog.com,Female,196.14.212.136
609,Rudolfo,Romaint,rromaintgw@omniture.com,Male,43.144.116.127
610,Edik,Rosentholer,erosentholergx@ibm.com,Male,21.164.32.218
611,Alexina,Claasen,aclaasengy@washington.edu,Female,158.204.159.252
612,Moss,Tipple,mtipplegz@yellowbook.com,Male,178.172.247.248
613,Eba,Ballham,eballhamh0@symantec.com,Female,114.62.136.228
614,Harrison,Scole,hscoleh1@slate.com,Agender,151.112.28.166
615,Rena,Westgate,rwestgateh2@wikimedia.org,Female,67.10.160.224
616,Jerome,Batrop,jbatroph3@epa.gov,Male,113.193.175.32
617,Thornton,Pavlenko,tpavlenkoh4@free.fr,Male,160.31.50.208
618,Julianna,Sutton,jsuttonh5@archive.org,Female,144.183.179.197
619,Worthington,McParlin,wmcparlinh6@wired.com,Male,105.255.217.221
620,Cordelia,De Vaux,cdevauxh7@amazon.de,Female,178.49.61.255
621,Kendrick,Stangroom,kstangroomh8@biglobe.ne.jp,Non-binary,79.163.34.53
622,Malinda,Jewiss,mjewissh9@lycos.com,Bigender,184.216.153.65
623,Zed,Foggarty,zfoggartyha@macromedia.com,Male,56.131.105.152
624,Vevay,Dudney,vdudneyhb@paypal.com,Female,133.211.55.223
625,Yves,Braysher,ybraysherhc@barnesandnoble.com,Male,10.111.32.137
626,Aridatha,Bremeyer,abremeyerhd@gmpg.org,Polygender,121.44.22.70
627,Elisabetta,Stronge,estrongehe@51.la,Female,33.74.12.50
628,Lew,Lindenbluth,llindenbluthhf@ocn.ne.jp,Male,51.103.255.34
629,Demetre,Isenor,disenorhg@marketwatch.com,Male,250.123.48.214
630,Marilee,Catcheside,mcatchesidehh@irs.gov,Female,1.225.122.237
631,Raddie,Boothebie,rboothebiehi@bloomberg.com,Male,130.54.121.174
632,Yolanda,Laite,ylaitehj@hao123.com,Female,65.211.14.86
633,Orbadiah,Mc Carroll,omccarrollhk@e-recht24.de,Male,3.159.209.176
634,Thorsten,Vedenyakin,tvedenyakinhl@mapy.cz,Male,97.248.55.146
635,Barty,Vamplew,bvamplewhm@google.com.br,Male,177.234.223.126
636,Natty,Matchett,nmatchetthn@virginia.edu,Male,241.181.110.151
637,Denyse,Corrington,dcorringtonho@nytimes.com,Female,162.225.55.106
638,Blayne,Broster,bbrosterhp@dmoz.org,Male,104.175.163.152
639,Jake,Zavattari,jzavattarihq@edublogs.org,Male,19.151.173.172
640,Aluin,Norres,anorreshr@boston.com,Male,212.33.193.163
641,Sara,Lamplugh,slamplughhs@odnoklassniki.ru,Female,203.91.230.231
642,Robyn,Prozillo,rprozilloht@nps.gov,Female,60.127.53.213
643,Kelley,Eam,keamhu@mail.ru,Polygender,146.217.217.147
644,Huntington,Saint,hsainthv@shop-pro.jp,Male,118.140.183.28
645,Kristal,Giraldon,kgiraldonhw@symantec.com,Female,44.207.80.116
646,Dido,Kedwell,dkedwellhx@hao123.com,Female,48.218.254.20
647,Darrell,Coupman,dcoupmanhy@wikispaces.com,Male,186.85.237.231
648,Gordy,Cardwell,gcardwellhz@theguardian.com,Male,0.96.130.226
649,Kit,Yaus,kyausi0@shutterfly.com,Non-binary,192.41.61.15
650,Nathanil,Tirrey,ntirreyi1@msn.com,Male,172.144.84.53
651,Odessa,Episcopi,oepiscopii2@utexas.edu,Female,182.2.115.124
652,Gui,Chyuerton,gchyuertoni3@nps.gov,Female,177.26.135.209
653,Jody,Stops,jstopsi4@hc360.com,Male,109.129.241.245
654,Pearla,Dougary,pdougaryi5@flavors.me,Female,55.47.93.137
655,Reeba,Ilbert,rilberti6@diigo.com,Female,29.73.195.151
656,Randie,Kestle,rkestlei7@gravatar.com,Female,55.226.137.105
657,Ola,Carwardine,ocarwardinei8@imageshack.us,Female,184.175.240.177
658,Barri,Blackmuir,bblackmuiri9@dailymotion.com,Male,204.138.93.246
659,Ximenez,Chessum,xchessumia@geocities.com,Male,201.97.243.25
660,Nerte,Audas,naudasib@ftc.gov,Female,102.229.43.231
661,Amandie,Surpliss,asurplissic@yale.edu,Female,162.241.222.110
662,Ingelbert,McCard,imccardid@flavors.me,Male,112.33.171.69
663,Salomon,Raynham,sraynhamie@tuttocitta.it,Genderqueer,214.10.230.146
664,Eugenia,Scroggie,escroggieif@intel.com,Female,93.169.84.56
665,Lory,Giraldo,lgiraldoig@stanford.edu,Female,31.182.53.172
666,Devinne,Falconer-Taylor,dfalconertaylorih@ning.com,Female,104.17.185.243
667,Esme,Cohan,ecohanii@ovh.net,Female,91.36.92.236
668,Viviyan,Reditt,vredittij@berkeley.edu,Female,250.54.160.44
669,Viva,Bosward,vboswardik@columbia.edu,Female,116.38.46.147
670,Northrup,Kupis,nkupisil@soup.io,Male,129.174.240.165
671,Lydon,Le Monnier,llemonnierim@prlog.org,Male,148.240.227.38
672,Mirabella,Lyptratt,mlyptrattin@miibeian.gov.cn,Female,108.73.172.105
673,Linda,Tomaszewski,ltomaszewskiio@1688.com,Female,125.7.89.89
674,Golda,Jolliffe,gjolliffeip@slideshare.net,Female,77.66.119.102
675,Justino,Giraux,jgirauxiq@imdb.com,Male,104.86.113.172
676,Thurstan,Rodrigo,trodrigoir@friendfeed.com,Male,206.91.170.14
677,Wit,Mablestone,wmablestoneis@wired.com,Male,234.203.126.68
678,Francklyn,Matzen,fmatzenit@independent.co.uk,Male,190.142.100.209
679,Hobey,Demeza,hdemezaiu@cafepress.com,Bigender,124.155.122.129
680,Harry,Mowson,hmowsoniv@webeden.co.uk,Male,122.31.13.93
681,Dru,Oglethorpe,doglethorpeiw@joomla.org,Male,226.205.185.81
682,Gail,Andrat,gandratix@earthlink.net,Male,12.62.208.38
683,Clemmy,Sherrell,csherrelliy@blogspot.com,Male,251.154.114.146
684,Tadeas,Diviney,tdivineyiz@microsoft.com,Male,80.181.232.83
685,Archibaldo,Sebring,asebringj0@taobao.com,Male,56.229.143.236
686,Rebekkah,Balducci,rbalduccij1@addtoany.com,Female,89.175.187.24
687,Sloan,Wondraschek,swondraschekj2@opera.com,Male,13.141.10.89
688,Dillie,Monksfield,dmonksfieldj3@mayoclinic.com,Male,192.129.157.93
689,Vere,Dameisele,vdameiselej4@wufoo.com,Female,126.186.173.57
690,Valeda,Wildey,vwildeyj5@independent.co.uk,Female,201.212.100.199
691,Edin,Gudgen,egudgenj6@skype.com,Female,5.33.123.94
692,Jarvis,Manson,jmansonj7@instagram.com,Male,0.79.138.91
693,Cayla,Odgaard,codgaardj8@freewebs.com,Female,118.98.45.157
694,Filip,Bever,fbeverj9@dropbox.com,Male,134.64.163.214
695,Kenon,Dain,kdainja@wsj.com,Male,144.92.132.178
696,Diane-marie,Deinert,ddeinertjb@psu.edu,Female,17.80.176.37
697,Kelcey,Earey,keareyjc@live.com,Female,251.79.56.138
698,Napoleon,Yegorov,nyegorovjd@rediff.com,Male,18.85.13.184
699,Ardelia,Duell,aduellje@oracle.com,Female,8.44.55.6
700,Belle,Raymond,braymondjf@ebay.com,Female,114.248.61.219
701,Curt,McLafferty,cmclaffertyjg@ihg.com,Male,246.66.67.198
702,Bud,Cummungs,bcummungsjh@cbslocal.com,Male,0.76.109.109
703,Fanchon,Morritt,fmorrittji@ow.ly,Genderqueer,22.77.254.43
704,Dacia,Winship,dwinshipjj@mlb.com,Female,80.148.90.59
705,Simon,Prevett,sprevettjk@unicef.org,Male,1.67.177.206
706,Joela,McCritchie,jmccritchiejl@digg.com,Female,83.225.203.128
707,Yvon,Wedmore.,ywedmorejm@privacy.gov.au,Male,225.77.243.58
708,Nickolai,Abley,nableyjn@yellowbook.com,Male,180.5.122.177
709,Alain,Gregr,agregrjo@virginia.edu,Male,24.23.57.6
710,Rita,Dafter,rdafterjp@nba.com,Female,237.146.191.91
711,Carver,Green,cgreenjq@unicef.org,Male,31.77.151.219
712,Blondy,Crann,bcrannjr@accuweather.com,Female,99.37.212.196
713,Rubetta,Isaksen,risaksenjs@hatena.ne.jp,Female,169.237.125.146
714,Johanna,Aaronsohn,jaaronsohnjt@cbsnews.com,Female,124.200.237.146
715,Shepard,Brahm,sbrahmju@oaic.gov.au,Male,238.94.95.200
716,Lyssa,Lanfere,llanferejv@e-recht24.de,Female,13.60.198.203
717,Ilka,Corke,icorkejw@csmonitor.com,Female,18.225.252.251
718,Catha,Polhill,cpolhilljx@miibeian.gov.cn,Female,245.53.3.206
719,Thekla,Raymond,traymondjy@bizjournals.com,Female,255.81.85.135
720,Yardley,McKelvie,ymckelviejz@sun.com,Male,33.202.120.83
721,Irena,Stivey,istiveyk0@answers.com,Female,143.136.113.68
722,Ikey,Ohlsen,iohlsenk1@reference.com,Male,128.142.17.166
723,Gayle,Tomkiss,gtomkissk2@fema.gov,Female,194.112.111.74
724,Augy,McDougald,amcdougaldk3@nyu.edu,Male,2.136.179.141
725,Talia,Josephi,tjosephik4@opera.com,Female,91.141.15.88
726,Coleen,Grinley,cgrinleyk5@spotify.com,Female,22.185.197.137
727,Galvan,Beere,gbeerek6@51.la,Male,67.186.190.47
728,Jolynn,Domenget,jdomengetk7@skyrock.com,Female,158.219.250.126
729,Ring,Barwis,rbarwisk8@slideshare.net,Male,200.153.252.194
730,Amy,Larcher,alarcherk9@163.com,Female,30.250.46.143
731,Thatcher,Skill,tskillka@weather.com,Male,122.137.79.181
732,Daron,Muggleston,dmugglestonkb@flavors.me,Male,202.168.128.190
733,Brietta,Whight,bwhightkc@delicious.com,Female,148.226.68.215
734,Rocky,Fomichkin,rfomichkinkd@seesaa.net,Male,10.98.147.32
735,David,De Robertis,dderobertiske@tuttocitta.it,Male,184.39.239.79
736,Bent,Denyagin,bdenyaginkf@reddit.com,Male,109.250.234.156
737,Etienne,Dubery,eduberykg@gmpg.org,Male,23.204.151.237
738,Yolande,Tomsa,ytomsakh@ocn.ne.jp,Female,31.101.75.182
739,Irvine,Powell,ipowellki@printfriendly.com,Male,0.224.147.74
740,Karissa,Tett,ktettkj@tiny.cc,Female,221.177.79.3
741,Adams,Upfold,aupfoldkk@live.com,Male,247.86.180.74
742,Fancy,Fransman,ffransmankl@storify.com,Female,182.61.52.231
743,Polly,Barracks,pbarrackskm@ca.gov,Female,22.203.112.121
744,Caesar,Sonley,csonleykn@fema.gov,Male,74.64.50.195
745,Barry,Puig,bpuigko@nhs.uk,Bigender,134.127.85.233
746,Earle,Miners,eminerskp@theatlantic.com,Male,165.151.109.10
747,Violante,Hands,vhandskq@wisc.edu,Female,214.196.87.56
748,Liana,Pagon,lpagonkr@is.gd,Female,6.175.34.184
749,Clemente,Budget,cbudgetks@360.cn,Male,4.47.156.206
750,Cary,Lashbrook,clashbrookkt@loc.gov,Male,145.208.157.153
751,Balduin,Angove,bangoveku@ocn.ne.jp,Male,54.90.167.35
752,Bruis,Dimblebee,bdimblebeekv@columbia.edu,Male,42.209.178.68
753,Ricoriki,Muggleston,rmugglestonkw@example.com,Male,251.30.216.31
754,Mabel,Lourenco,mlourencokx@typepad.com,Female,166.158.87.71
755,Valida,Gwynn,vgwynnky@buzzfeed.com,Female,156.86.58.22
756,Dew,Shilton,dshiltonkz@nasa.gov,Male,97.217.52.136
757,Cookie,Gudahy,cgudahyl0@symantec.com,Female,231.188.93.21
758,Annie,Petty,apettyl1@marriott.com,Female,41.6.170.2
759,Philippe,Gedge,pgedgel2@linkedin.com,Genderqueer,197.205.5.47
760,Waldo,Hutchason,whutchasonl3@geocities.jp,Male,249.85.17.180
761,Buckie,Patise,bpatisel4@msu.edu,Male,7.118.119.190
762,Graehme,Bride,gbridel5@booking.com,Male,136.209.43.41
763,Kevin,Paulmann,kpaulmannl6@yellowpages.com,Male,94.123.98.109
764,Beitris,Carnall,bcarnalll7@umich.edu,Genderqueer,4.86.146.17
765,Kaylee,Cheesman,kcheesmanl8@miibeian.gov.cn,Female,206.174.47.97
766,Nickey,Darracott,ndarracottl9@auda.org.au,Male,245.216.119.2
767,Mellisent,Methringham,mmethringhamla@walmart.com,Female,173.26.214.79
768,Holden,Arnfield,harnfieldlb@goo.gl,Male,232.166.191.34
769,Sean,Glozman,sglozmanlc@gov.uk,Female,44.245.192.175
770,Harv,Jerzak,hjerzakld@scribd.com,Male,59.51.35.102
771,Kala,Guyet,kguyetle@redcross.org,Female,81.242.85.75
772,Celie,Laroze,clarozelf@goodreads.com,Female,235.154.247.164
773,Moselle,Vannoort,mvannoortlg@umich.edu,Female,230.52.10.132
774,Mikaela,Duckering,mduckeringlh@cdc.gov,Female,169.80.25.204
775,Norton,Charkham,ncharkhamli@msn.com,Male,4.60.43.49
776,Hope,Reap,hreaplj@wired.com,Female,195.240.221.115
777,Roch,Melrose,rmelroselk@multiply.com,Female,174.90.187.212
778,Elnora,Kolis,ekolisll@chron.com,Female,142.48.203.31
779,Irvine,Oliveto,iolivetolm@google.co.uk,Male,157.42.209.125
780,Brandise,Buckingham,bbuckinghamln@yale.edu,Agender,1.74.238.158
781,Guglielma,Oiseau,goiseaulo@cpanel.net,Female,147.64.226.161
782,Babb,Scholte,bscholtelp@squidoo.com,Female,237.246.46.191
783,Ilka,Lawther,ilawtherlq@illinois.edu,Female,99.157.83.146
784,Clarissa,Burtonwood,cburtonwoodlr@dagondesign.com,Female,164.249.182.218
785,Suzanna,Spatig,sspatigls@weather.com,Female,197.189.141.174
786,Gabbie,Stimson,gstimsonlt@time.com,Female,192.34.80.151
787,Kevan,China,kchinalu@bbb.org,Male,108.15.206.110
788,Cleavland,Cawdery,ccawderylv@wikipedia.org,Male,173.242.144.238
789,Annabela,Linnane,alinnanelw@4shared.com,Female,79.113.164.38
790,Judon,Thayre,jthayrelx@hud.gov,Genderfluid,147.193.149.91
791,Kin,Barkshire,kbarkshirely@amazon.de,Male,118.133.167.49
792,Jodie,Biddleston,jbiddlestonlz@hp.com,Female,200.21.188.96
793,Maude,Savary,msavarym0@digg.com,Female,154.19.12.244
794,Zane,Deboo,zdeboom1@hc360.com,Male,71.231.144.108
795,Thayne,Boyes,tboyesm2@ycombinator.com,Non-binary,83.83.157.181
796,Rowney,Mays,rmaysm3@usa.gov,Male,81.222.37.6
797,Wilma,Tink,wtinkm4@freewebs.com,Female,51.171.10.16
798,Ferguson,Mattioni,fmattionim5@mlb.com,Male,32.126.209.156
799,Geri,Quiddinton,gquiddintonm6@homestead.com,Female,19.134.221.140
800,Loreen,Ingerman,lingermanm7@hexun.com,Female,146.162.233.11
801,Deane,Dillingston,ddillingstonm8@wordpress.com,Female,68.229.171.133
802,Ivy,Koomar,ikoomarm9@blogspot.com,Female,103.210.39.63
803,Elliott,Wolledge,ewolledgema@fastcompany.com,Male,24.210.176.114
804,Julietta,Strangwood,jstrangwoodmb@constantcontact.com,Female,193.114.91.141
805,Dane,Ghelarducci,dghelarduccimc@gov.uk,Male,196.162.170.0
806,Odette,Attrey,oattreymd@over-blog.com,Female,59.136.81.180
807,Roddie,Boame,rboameme@earthlink.net,Polygender,31.252.32.14
808,Bethina,D'Orsay,bdorsaymf@tinypic.com,Female,1.255.165.167
809,Koral,Munning,kmunningmg@symantec.com,Female,122.163.213.159
810,Sayers,Plain,splainmh@gov.uk,Non-binary,21.54.75.182
811,Kaye,McInteer,kmcinteermi@google.com.br,Female,82.167.213.110
812,Idette,Forgie,iforgiemj@alexa.com,Female,54.242.91.109
813,Darcey,Priestley,dpriestleymk@ca.gov,Non-binary,17.147.162.161
814,Clarisse,Wort,cwortml@nhs.uk,Female,95.148.159.65
815,Trstram,Gammell,tgammellmm@cbslocal.com,Male,5.253.25.129
816,Dell,Burbank,dburbankmn@last.fm,Bigender,93.12.58.212
817,Chaim,Aizikovitz,caizikovitzmo@umn.edu,Male,224.40.159.176
818,Svend,Milne,smilnemp@unblog.fr,Male,103.194.213.50
819,Silas,Peacher,speachermq@dyndns.org,Male,204.242.237.99
820,Dorene,Bradmore,dbradmoremr@yale.edu,Female,63.122.234.65
821,Magdalena,Bette,mbettems@chicagotribune.com,Female,15.219.27.154
822,Ingram,Iglesia,iiglesiamt@quantcast.com,Male,181.200.231.174
823,Kayla,Jephcott,kjephcottmu@lycos.com,Female,222.194.33.245
824,Lillis,Farrin,lfarrinmv@wordpress.org,Female,93.212.161.137
825,Yoshiko,O'Neill,yoneillmw@slideshare.net,Female,193.242.65.81
826,Boyce,Kirke,bkirkemx@pen.io,Male,87.205.9.31
827,Ilsa,Nipper,inippermy@theguardian.com,Female,144.229.195.95
828,Sybyl,Saladin,ssaladinmz@google.ru,Female,76.10.90.60
829,Hertha,Lathom,hlathomn0@soundcloud.com,Female,201.199.61.6
830,Darb,Lieb,dliebn1@sohu.com,Male,199.151.181.130
831,Barnaby,Need,bneedn2@mapy.cz,Male,46.86.212.63
832,Kerianne,Bradnam,kbradnamn3@shareasale.com,Female,124.109.204.90
833,Marcie,Dresse,mdressen4@washington.edu,Female,113.31.100.59
834,Phil,Ollier,polliern5@aol.com,Male,222.17.133.155
835,Nappie,Acock,nacockn6@liveinternet.ru,Male,163.75.17.171
836,Osbourne,Healing,ohealingn7@yahoo.com,Male,179.180.148.150
837,Kristofor,Winslow,kwinslown8@themeforest.net,Male,38.198.64.81
838,Boigie,Heifer,bheifern9@kickstarter.com,Male,195.7.199.85
839,Pall,Groocock,pgroocockna@symantec.com,Male,167.72.120.178
840,Cymbre,Romaynes,cromaynesnb@ning.com,Female,98.56.26.197
841,Debor,Reichelt,dreicheltnc@infoseek.co.jp,Female,60.38.236.154
842,Ferris,Waistall,fwaistallnd@homestead.com,Male,191.21.87.117
843,Harriot,Ochterlonie,hochterloniene@fotki.com,Female,19.98.53.45
844,Andra,Bollands,abollandsnf@twitter.com,Polygender,229.65.1.127
845,Lorraine,Wrightam,lwrightamng@indiegogo.com,Female,121.126.20.90
846,Shirlene,Kevern,skevernnh@example.com,Female,214.51.50.215
847,Julianna,Medeway,jmedewayni@weather.com,Female,91.216.65.145
848,Saundra,Vayro,svayronj@yale.edu,Female,238.91.57.59
849,Aggie,Van Der Straaten,avanderstraatennk@sogou.com,Female,108.243.120.196
850,Ingram,Gitting,igittingnl@mac.com,Male,216.170.236.30
851,Celestyn,Hradsky,chradskynm@telegraph.co.uk,Female,127.17.134.182
852,Galina,Miguel,gmiguelnn@rediff.com,Female,252.40.139.123
853,Kim,Dayer,kdayerno@bbc.co.uk,Female,151.118.12.124
854,Berke,Ravenhill,bravenhillnp@statcounter.com,Agender,57.31.211.36
855,Nero,Ossipenko,nossipenkonq@rakuten.co.jp,Male,214.172.236.105
856,Hoebart,Rennock,hrennocknr@creativecommons.org,Male,13.99.15.172
857,Neron,Nagle,nnaglens@list-manage.com,Male,8.35.84.26
858,Joannes,Mandrier,jmandriernt@zimbio.com,Female,239.142.186.118
859,Rodd,Eayres,reayresnu@cocolog-nifty.com,Male,186.13.130.74
860,Cheryl,Youthed,cyouthednv@thetimes.co.uk,Bigender,12.231.200.94
861,Niko,Ollivier,nolliviernw@vimeo.com,Genderfluid,136.124.76.158
862,Bartram,MacGovern,bmacgovernnx@wordpress.org,Male,71.157.1.136
863,Terese,Vautin,tvautinny@army.mil,Female,117.94.134.251
864,Jamison,Dye,jdyenz@accuweather.com,Male,74.210.70.220
865,Tabbie,Stubs,tstubso0@go.com,Male,253.67.242.222
866,Leonardo,Burstowe,lburstoweo1@google.it,Male,97.44.78.181
867,Corenda,Yglesias,cyglesiaso2@aboutads.info,Female,136.42.98.68
868,Lettie,Wickey,lwickeyo3@ted.com,Female,93.201.130.97
869,Carlos,Gauntlett,cgauntletto4@sphinn.com,Male,95.115.17.222
870,Leonerd,Dummigan,ldummigano5@macromedia.com,Male,46.243.29.210
871,Thain,Paddell,tpaddello6@mac.com,Male,220.168.247.222
872,Mabel,Pope,mpopeo7@cpanel.net,Female,35.113.51.49
873,Sybil,Thomasset,sthomasseto8@wunderground.com,Female,114.124.154.10
874,Jedd,Kornousek,jkornouseko9@parallels.com,Male,78.21.121.39
875,Ange,Babinski,ababinskioa@sohu.com,Male,246.37.165.193
876,Pail,De Cruze,pdecruzeob@uol.com.br,Male,49.38.165.246
877,Charleen,Gilardoni,cgilardonioc@ebay.com,Female,92.209.165.43
878,Wood,Alejandro,walejandrood@archive.org,Male,77.250.160.96
879,Mel,Del Monte,mdelmonteoe@g.co,Male,42.221.12.54
880,Edi,Diplock,ediplockof@posterous.com,Agender,143.177.91.93
881,Margareta,Keaton,mkeatonog@reddit.com,Female,11.16.241.1
882,Dwayne,Mark,dmarkoh@tripadvisor.com,Male,91.99.74.186
883,Colene,Ciubutaro,cciubutarooi@twitpic.com,Female,12.235.46.214
884,Jarib,Betterton,jbettertonoj@mac.com,Male,9.40.211.56
885,Ann,Lakin,alakinok@quantcast.com,Female,222.230.112.248
886,Worth,O' Mahony,womahonyol@google.pl,Male,52.101.124.105
887,Rubie,Kornas,rkornasom@home.pl,Female,101.60.134.192
888,Madge,Bedson,mbedsonon@delicious.com,Female,251.110.233.226
889,Reynolds,Walter,rwalteroo@hc360.com,Male,231.83.176.32
890,Michel,Lawley,mlawleyop@bbc.co.uk,Female,226.66.103.139
891,Denys,Getty,dgettyoq@delicious.com,Male,185.234.122.138
892,Matty,Burmingham,mburminghamor@newyorker.com,Male,177.228.149.245
893,Kare,Babin,kbabinos@kickstarter.com,Female,253.142.125.44
894,Eleni,Preator,epreatorot@bbc.co.uk,Genderqueer,96.109.94.48
895,Tarra,Faulkner,tfaulknerou@apple.com,Female,145.38.189.44
896,Georgy,Puig,gpuigov@hexun.com,Male,128.148.130.203
897,Alf,Lyford,alyfordow@jiathis.com,Male,198.108.237.168
898,Delano,Dunderdale,ddunderdaleox@feedburner.com,Male,244.18.102.104
899,Murielle,Tarbox,mtarboxoy@comcast.net,Female,110.212.208.116
900,Sydney,Gavey,sgaveyoz@kickstarter.com,Male,138.231.96.75
901,Helen-elizabeth,Kunes,hkunesp0@comsenz.com,Female,89.189.77.26
902,Toby,Scholtz,tscholtzp1@geocities.jp,Male,71.66.177.121
903,Frankie,Kennealy,fkennealyp2@umich.edu,Male,255.94.59.250
904,Giordano,Blogg,gbloggp3@who.int,Male,174.36.116.85
905,Rakel,Mourant,rmourantp4@seesaa.net,Female,26.120.35.74
906,Thacher,Donohue,tdonohuep5@1688.com,Male,148.116.35.108
907,Shea,Goadby,sgoadbyp6@etsy.com,Agender,198.235.146.32
908,Shepherd,Causnett,scausnettp7@sitemeter.com,Male,71.190.105.120
909,Juline,Howorth,jhoworthp8@quantcast.com,Female,254.183.20.178
910,Yelena,Stiant,ystiantp9@goo.ne.jp,Female,18.210.199.216
911,Franky,Lambertson,flambertsonpa@google.pl,Male,217.113.109.185
912,Tarrance,Wilmot,twilmotpb@wp.com,Male,81.3.15.169
913,Riobard,McGonigal,rmcgonigalpc@reference.com,Male,174.47.38.66
914,Barth,Wilcock,bwilcockpd@google.de,Male,181.11.34.117
915,Jaynell,Seiler,jseilerpe@amazon.com,Female,57.15.244.181
916,Finley,Spere,fsperepf@unblog.fr,Male,160.170.175.191
917,Cecile,Webborn,cwebbornpg@usnews.com,Female,140.157.99.161
918,Dannie,Hellard,dhellardph@ask.com,Male,104.47.244.104
919,Bernadine,Penburton,bpenburtonpi@github.com,Polygender,28.109.90.199
920,Stacy,Frearson,sfrearsonpj@yahoo.com,Female,97.1.228.254
921,Tanitansy,Thunnercliffe,tthunnercliffepk@meetup.com,Female,210.120.237.109
922,Moyra,Watmough,mwatmoughpl@cbslocal.com,Female,151.186.104.34
923,Bren,Gleave,bgleavepm@shutterfly.com,Male,1.124.83.23
924,Vanny,Swalowe,vswalowepn@java.com,Female,38.164.72.174
925,Nels,Finney,nfinneypo@alexa.com,Male,175.162.119.245
926,Rosalinda,Madoc-Jones,rmadocjonespp@gmpg.org,Female,222.253.129.118
927,Genia,Klejna,gklejnapq@hibu.com,Female,137.234.99.232
928,Cletis,Dyke,cdykepr@seattletimes.com,Male,18.14.122.243
929,Wat,Laxon,wlaxonps@umn.edu,Male,183.217.141.38
930,Archambault,Guyver,aguyverpt@jimdo.com,Male,46.228.232.160
931,Samuel,Haime,shaimepu@fema.gov,Male,192.112.64.156
932,Esme,Lucy,elucypv@ustream.tv,Non-binary,210.235.140.146
933,Waly,Annett,wannettpw@goo.ne.jp,Female,11.186.66.141
934,Debora,Nern,dnernpx@about.com,Female,242.168.92.8
935,Lawry,Stilwell,lstilwellpy@1688.com,Male,195.96.161.224
936,Jodee,Adcock,jadcockpz@diigo.com,Female,197.193.144.223
937,Marline,Sunners,msunnersq0@csmonitor.com,Female,243.75.237.24
938,Moyra,Ellerey,mellereyq1@techcrunch.com,Female,252.132.174.207
939,Zacharias,Waskett,zwaskettq2@live.com,Male,2.98.15.200
940,Wilmette,Philippard,wphilippardq3@yale.edu,Female,195.55.165.243
941,Hana,Fulloway,hfullowayq4@kickstarter.com,Female,147.242.172.101
942,Avictor,Flook,aflookq5@fotki.com,Male,229.42.195.81
943,Nichols,Pennacci,npennacciq6@example.com,Male,48.27.59.4
944,Valentine,Capelle,vcapelleq7@cisco.com,Female,48.237.38.231
945,Iago,Attewell,iattewellq8@dropbox.com,Male,128.183.65.144
946,Olvan,Montes,omontesq9@sbwire.com,Male,182.108.237.167
947,Kipp,Joyson,kjoysonqa@github.io,Male,42.84.91.211
948,Glenine,Ruf,grufqb@japanpost.jp,Female,79.246.4.7
949,Franny,Demeza,fdemezaqc@unicef.org,Male,111.138.105.52
950,Kenny,Womersley,kwomersleyqd@slate.com,Male,99.219.88.169
951,Clemente,Bavester,cbavesterqe@deliciousdays.com,Male,218.37.157.255
952,Millicent,Skyner,mskynerqf@amazon.co.jp,Bigender,171.210.9.13
953,Inness,Lenz,ilenzqg@indiatimes.com,Male,54.154.180.120
954,Delphine,Van den Velde,dvandenveldeqh@yolasite.com,Female,202.247.154.11
955,Emelda,Marris,emarrisqi@boston.com,Female,122.238.35.170
956,Frayda,Acheson,fachesonqj@buzzfeed.com,Female,103.230.6.22
957,Elenore,Bulch,ebulchqk@livejournal.com,Female,233.96.161.207
958,Herschel,Bayston,hbaystonql@ehow.com,Male,35.22.71.177
959,Al,Liggons,aliggonsqm@eepurl.com,Male,229.187.164.251
960,Bertram,O'Regan,boreganqn@vkontakte.ru,Male,106.49.252.215
961,Peterus,Shaddock,pshaddockqo@cafepress.com,Male,219.210.192.189
962,Jason,Ashpital,jashpitalqp@paginegialle.it,Male,234.235.35.33
963,Wendeline,Scotsbrook,wscotsbrookqq@mail.ru,Female,218.164.90.165
964,Stephanie,Girardeau,sgirardeauqr@free.fr,Female,38.92.159.63
965,Whittaker,Garrie,wgarrieqs@wordpress.org,Male,244.99.65.175
966,Chas,Dagon,cdagonqt@tiny.cc,Male,59.233.239.133
967,Marianna,Drabble,mdrabblequ@biblegateway.com,Female,167.114.64.12
968,Nicko,Joost,njoostqv@edublogs.org,Male,31.194.74.207
969,Ronald,McKevin,rmckevinqw@domainmarket.com,Male,90.24.119.223
970,Tasia,Larmett,tlarmettqx@upenn.edu,Female,1.107.240.1
971,Zedekiah,Gabel,zgabelqy@ebay.com,Male,199.207.176.61
972,Hillier,Dogerty,hdogertyqz@soundcloud.com,Male,35.110.146.185
973,Martainn,Adderson,maddersonr0@wiley.com,Male,233.236.207.237
974,Timmie,O'Dennehy,todennehyr1@jiathis.com,Male,99.25.85.112
975,Keefe,Jessep,kjessepr2@eepurl.com,Male,18.130.135.63
976,Robena,Meakes,rmeakesr3@ucla.edu,Female,224.178.44.192
977,Corrianne,Snewin,csnewinr4@exblog.jp,Female,133.143.112.75
978,Pegeen,Franz-Schoninger,pfranzschoningerr5@auda.org.au,Polygender,113.37.227.91
979,Fernande,Kinde,fkinder6@ed.gov,Female,57.226.214.102
980,Blythe,Morphew,bmorphewr7@yelp.com,Female,11.175.103.90
981,Gerrie,Hinrich,ghinrichr8@vk.com,Male,12.51.70.246
982,Kerry,Saintpierre,ksaintpierrer9@php.net,Female,176.90.158.7
983,Jeri,O'dell,jodellra@marriott.com,Genderqueer,89.54.67.225
984,Kellina,Kingett,kkingettrb@networkadvertising.org,Female,48.233.230.232
985,Elicia,Foat,efoatrc@businesswire.com,Female,4.230.181.167
986,Gabi,Oty,gotyrd@guardian.co.uk,Male,194.125.237.115
987,Bill,Ksandra,bksandrare@typepad.com,Female,162.85.53.6
988,Wally,Lere,wlererf@etsy.com,Male,116.123.64.41
989,Agna,Losel,aloselrg@army.mil,Female,57.242.72.86
990,Myrlene,Yearn,myearnrh@marketwatch.com,Female,214.65.35.185
991,Isac,Sewill,isewillri@unicef.org,Male,166.177.189.210
992,Arlana,Sames,asamesrj@fotki.com,Female,108.34.202.245
993,Archie,Ash,aashrk@prnewswire.com,Male,157.31.171.91
994,Andris,Colville,acolvillerl@auda.org.au,Male,208.23.108.26
995,Tammara,Espadero,tespaderorm@twitter.com,Female,162.197.119.16
996,Deck,Sutheran,dsutheranrn@cbslocal.com,Male,208.106.216.217
997,Beryl,Hynson,bhynsonro@digg.com,Genderfluid,117.98.54.23
998,Mikael,Foulds,mfouldsrp@ask.com,Male,164.27.132.12
999,Jordan,Brenard,jbrenardrq@nifty.com,Male,121.49.239.221
1000,Far,Balas,fbalasrr@abc.net.au,Male,204.141.51.188